activation_name,creation_rank,last_fw_use_rank,first_bw_use_rank,last_bw_use_rank,avg_mem_size_bytes,inactive_time_s,avg_swap_time_s,recomp_time_s,recomp_memory_bytes,recompute_ratio
relu,11,13,35,40,16384,0.000834079999476671,0.0,9.660799987614155e-05,16384,11.019349985872397
t_1,12,13,32,32,65536,0.0007255680002272127,0.0,6.4e-05,65536,10.0
relu_1,14,16,26,31,16384,0.00034560000151395796,0.0,9.369599726051091e-05,16384,10.687199687527027
t_2,15,16,23,23,5120,0.00022467200085520743,0.0,6.758399866521359e-05,5120,7.055399860655598
