activation_name,creation_rank,last_fw_use_rank,first_bw_use_rank,last_bw_use_rank,avg_mem_size_bytes,inactive_time_s,avg_swap_time_s,recomp_time_s,recomp_memory_bytes,recompute_ratio
relu,11,13,35,40,16384,0.0009231999963521956,0.0,0.00012623999826610088,16384,14.399249802227134
t_1,12,13,32,32,65536,0.0008123519979417323,0.0,9.236799925565719e-05,65536,14.432499883696437
relu_1,14,16,26,31,16384,0.00039267199859023094,0.0,0.00011208000034093857,16384,12.784125038888307
t_2,15,16,23,23,5120,0.00024700799956917763,0.0,6.600000150501728e-05,5120,6.8900392196155735
